Domain,DR,Dofollow ref. domains,Dofollow linked domains,Traffic,Keywords,Links to target,Dofollow links,,,First seen,Domain,DR,Dofollow ref. domains,Dofollow linked domains,Traffic,Keywords,Links to target,Dofollow links,,,First seen
,
,
,buybacklinks.agencySPAM,71,425,998,0,0,1,0,,,12 Jul 2026,
,fiverr-seo-for-small-businesses.siteSPAM,71,1,157,0,0,0,1,0,,,11 Jul 2026,
,rankgrowth.agencySPAM,70,134,1,0,0,1,0,,,11 Jul 2026,
,linkrankpro.shopSPAM,55,165,998,0,0,1,0,,,12 Jul 2026,
,rankxlinks.shopSPAM,54,119,998,0,0,1,0,,,12 Jul 2026,
,authoritybacklinks.shopSPAM,54,136,998,0,0,1,0,,,12 Jul 2026,
,linkseopro.shopSPAM,53,214,998,0,0,1,0,,,12 Jul 2026,
,ranklinkpro.shopSPAM,53,143,998,0,0,1,0,,,12 Jul 2026,
,seolinkpro.shopSPAM,53,138,998,0,0,1,0,,,12 Jul 2026,
,ranklinkx.shopSPAM,53,127,998,0,0,1,0,,,12 Jul 2026,
,toplinkranker.shopSPAM,53,133,998,0,0,1,0,,,12 Jul 2026,
,linkrankseo.shopSPAM,53,112,998,0,0,1,0,,,12 Jul 2026,
,rglinks.orgSPAM,31,1,120,4,0,0,1,0,,,12 Jul 2026,
,high-traffic-backlinks.siteSPAM,25,152,0,0,0,1,0,,,12 Jul 2026,
,netranko.shopSPAM,5,132,0,0,0,1,0,,,13 Jul 2026,
,rankbasket.shopSPAM,2.1,70,0,0,0,1,0,,,12 Jul 2026,
,seolinkkart.shopSPAM,2.1,70,0,0,0,1,0,,,12 Jul 2026,
,rankdeals.shopSPAM,2.1,70,0,0,0,1,0,,,12 Jul 2026,
,backlinkorbit.shopSPAM,2.1,70,0,0,0,1,0,,,12 Jul 2026,
,backlinkshop.shopSPAM,2.1,70,996,0,0,1,0,,,12 Jul 2026,
,linkbundle.shopSPAM,2.1,70,996,0,0,1,0,,,12 Jul 2026,
,backlinkvault.shopSPAM,2.1,70,996,0,0,1,0,,,12 Jul 2026,
,seotrove.shopSPAM,2.1,70,0,0,0,1,0,,,12 Jul 2026,
,seomart.shopSPAM,2.1,70,0,0,0,1,0,,,12 Jul 2026,
,linkwares.shopSPAM,2.1,70,0,0,0,1,0,,,12 Jul 2026,
,linkory.shopSPAM,2.1,70,997,0,0,1,0,,,12 Jul 2026,
,primebacklinks.shopSPAM,2.1,69,0,0,0,1,0,,,12 Jul 2026,
,seosupply.shopSPAM,2,51,0,0,0,1,0,,,12 Jul 2026,
,seooutlet.shopSPAM,2,51,0,0,0,1,0,,,12 Jul 2026,
,nexabacklinks.shopSPAM,2,51,0,0,0,1,0,,,12 Jul 2026,
,seoloot.shopSPAM,2,51,0,0,0,1,0,,,12 Jul 2026,
,seogear.shopSPAM,2,51,0,0,0,1,0,,,12 Jul 2026,
,seoprime.shopSPAM,2,51,0,0,0,1,0,,,12 Jul 2026,
,rankchest.shopSPAM,2,51,0,0,0,1,0,,,12 Jul 2026,
,rankkit.shopSPAM,2,51,0,0,0,1,0,,,13 Jul 2026,
,seowares.shopSPAM,2,51,0,0,0,1,0,,,12 Jul 2026,
,linkstock.shopSPAM,2,51,0,0,0,1,0,,,12 Jul 2026,
,rankgoods.shopSPAM,2,51,0,0,0,1,0,,,13 Jul 2026,
,rankdepot.shopSPAM,2,51,0,0,0,1,0,,,12 Jul 2026,
,seodepot.shopSPAM,2,51,0,0,0,1,0,,,12 Jul 2026,
,linktrove.shopSPAM,2,51,996,0,0,1,0,,,12 Jul 2026,
,rankbundle.shopSPAM,2,51,0,0,0,1,0,,,12 Jul 2026,
,rankprime.shopSPAM,2,51,0,0,0,1,0,,,12 Jul 2026,
,ranktrove.shopSPAM,2,51,0,0,0,1,0,,,12 Jul 2026,
,seofinds.shopSPAM,2,51,0,0,0,1,0,,,12 Jul 2026,
,linkfinds.shopSPAM,2,51,996,0,0,1,0,,,12 Jul 2026,
,rankstock.shopSPAM,2,51,0,0,0,1,0,,,12 Jul 2026,
,seopicks.shopSPAM,2,51,0,0,0,1,0,,,12 Jul 2026,
,seoedge.shopSPAM,2,51,0,0,0,1,0,,,12 Jul 2026,
,rankwagon.shopSPAM,2,51,0,0,0,1,0,,,13 Jul 2026,
,rankfinds.shopSPAM,2,51,0,0,0,1,0,,,12 Jul 2026,
,seochest.shopSPAM,2,51,0,0,0,1,0,,,12 Jul 2026,
,seokart.shopSPAM,2,51,0,0,0,1,0,,,12 Jul 2026,
,rankoutlet.shopSPAM,2,51,0,0,0,1,0,,,12 Jul 2026,
,seobundle.shopSPAM,2,51,0,0,0,1,0,,,12 Jul 2026,
,rankbazaar.shopSPAM,2,51,0,0,0,1,0,,,12 Jul 2026,
,rankloot.shopSPAM,2,51,0,0,0,1,0,,,12 Jul 2026,
,seocrate.shopSPAM,2,51,0,0,0,1,0,,,12 Jul 2026,
,rankcrate.shopSPAM,2,51,0,0,0,1,0,,,12 Jul 2026,
,rankgear.shopSPAM,2,51,0,0,0,1,0,,,12 Jul 2026,
,linksnexa.shopSPAM,2,51,0,0,0,1,0,,,12 Jul 2026,
,linkpicks.shopSPAM,2,51,0,0,0,1,0,,,12 Jul 2026,
,high-quality-backlinks.siteSPAM,1.9,109,7,0,0,1,0,,,12 Jul 2026,
